feature,importance
powershell_count,0.36040044
event_count,0.24930187
file_rename_count,0.21177045
process_tree_depth,0.0687719
file_modify_count,0.05751793
file_write_count,0.018762613
unique_files_modified,0.014991619
file_write_velocity,0.0050799954
entropy_delta_mean,0.0045225127
process_count,0.0029857256
high_entropy_write_count,0.00253393
average_network_interval,0.001879122
file_create_count,0.0006618304
total_bytes_received,0.00035396338
entropy_mean,0.000305513
total_bytes_sent,0.00016056435
cmd_count,0.0
suspicious_parent_child_count,0.0
file_delete_count,0.0
unique_process_count,0.0
registry_modify_count,0.0
registry_event_count,0.0
unique_destinations,0.0
network_connection_count,0.0
persistence_key_count,0.0
unique_ports,0.0
auth_event_count,0.0
failed_login_count,0.0
successful_login_count,0.0
signal_diversity,0.0
